{"alpha_VA": [0.5067061974902728, 0.5166895318873809, 0.4813975784213694], "alpha_KE_S": [0.46156484851463553, 0.5038536906850977, 0.4806798768405607], "alpha_KL_E": [0.5173217448321852, 0.5101352391964765], "alpha_W": [0.48259170449001604, 0.45633805451698506], "alpha_k": [0.05263157894736842, 0.8421052631578947, 0.10526315789473684], "alpha_Es": [0.4721359549995794, 0.5278640450004206], "A_VA": [1.9982076241363316, 1.9891032622519735, 1.9865332649062328], "A_W": [1.9939809122068384, 1.9634593416178543], "A_KE_S": [1.947025654698019, 1.9994066790693685, 1.9855046807868404], "A_KL_E": [1.9882817844866245, 1.9959250206579457], "A_Es": 1.9938079899999064, "psi_VA": [0.5217391304347826, 0.5221238938053098, 0.5645933014354066], "psi_VC": [0.4782608695652174, 0.4778761061946903, 0.4354066985645933], "psi_X": [[0.19272727272727272, 0.14814814814814814, 0.24175824175824176], [0.3090909090909091, 0.5351851851851852, 0.4725274725274725], [0.49818181818181817, 0.31666666666666665, 0.2857142857142857]], "psi_VC_E": [0.275, 0.32], "psi_X_E": [[0.03636363636363636, 0.5], [0.9272727272727272, 0.125], [0.03636363636363636, 0.375]], "psi_W": [0.725, 0.68], "epsilon_VA": [10.0, 10.0, 10.0], "epsilon_W": [5.0, 5.0], "epsilon_KE_S": [10.0, 10.0, 10.0], "epsilon_KL_E": [10.0, 10.0], "epsilon_Es": 2, "tau": [0.0, 0.0, 0.0], "tau_income": 0.10037174721189591, "gamma": [0.2242152466367713, 0.35874439461883406, 0.4170403587443946], "mps": 0.07851239669421488, "alpha_G": [0.25925925925925924, 0.0, 0.7407407407407407], "L_s": 7700.0, "R_s": [850.0, 1200.0], "K_s": 3700.0, "P_num": 1.0, "S_G_bar": 0.0}
